composition,structure
H3N3,"RES
1b:b-dglc-HEX-1:5
2s:n-acetyl
3b:b-dglc-HEX-1:5
4s:n-acetyl
5b:b-dman-HEX-1:5
6b:a-dman-HEX-1:5
7b:b-dglc-HEX-1:5
8s:n-acetyl
9b:a-dman-HEX-1:5
LIN
1:1d(2+1)2n
2:1o(4+1)3d
3:3d(2+1)4n
4:3o(4+1)5d
5:5o(3+1)6d
6:6o(2+1)7d
7:7d(2+1)8n
8:5o(6+1)9d"
H3N3F1,"RES
1b:b-dglc-HEX-1:5
2s:n-acetyl
3b:b-dglc-HEX-1:5
4s:n-acetyl
5b:b-dman-HEX-1:5
6b:a-dman-HEX-1:5
7b:b-dglc-HEX-1:5
8s:n-acetyl
9b:a-dman-HEX-1:5
10b:a-lgal-HEX-1:5|6:d
LIN
1:1d(2+1)2n
2:1o(4+1)3d
3:3d(2+1)4n
4:3o(4+1)5d
5:5o(3+1)6d
6:6o(2+1)7d
7:7d(2+1)8n
8:5o(6+1)9d
9:1o(6+1)10d"
H3N4,"RES
1b:b-dglc-HEX-1:5
2s:n-acetyl
3b:b-dglc-HEX-1:5
4s:n-acetyl
5b:b-dman-HEX-1:5
6b:a-dman-HEX-1:5
7b:b-dglc-HEX-1:5
8s:n-acetyl
9b:a-dman-HEX-1:5
10b:b-dglc-HEX-1:5
11s:n-acetyl
LIN
1:1d(2+1)2n
2:1o(4+1)3d
3:3d(2+1)4n
4:3o(4+1)5d
5:5o(3+1)6d
6:6o(2+1)7d
7:7d(2+1)8n
8:5o(6+1)9d
9:9o(2+1)10d
10:10d(2+1)11n"
H3N4F1,"RES
1b:b-dglc-HEX-1:5
2s:n-acetyl
3b:b-dglc-HEX-1:5
4s:n-acetyl
5b:b-dman-HEX-1:5
6b:a-dman-HEX-1:5
7b:b-dglc-HEX-1:5
8s:n-acetyl
9b:a-dman-HEX-1:5
10b:b-dglc-HEX-1:5
11s:n-acetyl
12b:a-lgal-HEX-1:5|6:d
LIN
1:1d(2+1)2n
2:1o(4+1)3d
3:3d(2+1)4n
4:3o(4+1)5d
5:5o(3+1)6d
6:6o(2+1)7d
7:7d(2+1)8n
8:5o(6+1)9d
9:9o(2+1)10d
10:10d(2+1)11n
11:1o(6+1)12d"
H3N5,"RES
1b:b-dglc-HEX-1:5
2s:n-acetyl
3b:b-dglc-HEX-1:5
4s:n-acetyl
5b:b-dman-HEX-1:5
6b:a-dman-HEX-1:5
7b:b-dglc-HEX-1:5
8s:n-acetyl
9b:b-dglc-HEX-1:5
10s:n-acetyl
11b:a-dman-HEX-1:5
12b:b-dglc-HEX-1:5
13s:n-acetyl
LIN
1:1d(2+1)2n
2:1o(4+1)3d
3:3d(2+1)4n
4:3o(4+1)5d
5:5o(3+1)6d
6:6o(2+1)7d
7:7d(2+1)8n
8:5o(4+1)9d
9:9d(2+1)10n
10:5o(6+1)11d
11:11o(2+1)12d
12:12d(2+1)13n"
H3N5F1,"RES
1b:b-dglc-HEX-1:5
2s:n-acetyl
3b:b-dglc-HEX-1:5
4s:n-acetyl
5b:b-dman-HEX-1:5
6b:a-dman-HEX-1:5
7b:b-dglc-HEX-1:5
8s:n-acetyl
9b:b-dglc-HEX-1:5
10s:n-acetyl
11b:a-dman-HEX-1:5
12b:b-dglc-HEX-1:5
13s:n-acetyl
14b:a-lgal-HEX-1:5|6:d
LIN
1:1d(2+1)2n
2:1o(4+1)3d
3:3d(2+1)4n
4:3o(4+1)5d
5:5o(3+1)6d
6:6o(2+1)7d
7:7d(2+1)8n
8:5o(4+1)9d
9:9d(2+1)10n
10:5o(6+1)11d
11:11o(2+1)12d
12:12d(2+1)13n
13:1o(6+1)14d"
H4N2,"RES
1b:b-dglc-HEX-1:5
2s:n-acetyl
3b:b-dglc-HEX-1:5
4s:n-acetyl
5b:b-dman-HEX-1:5
6b:a-dman-HEX-1:5
7b:a-dman-HEX-1:5
8b:a-dman-HEX-1:5
LIN
1:1d(2+1)2n
2:1o(4+1)3d
3:3d(2+1)4n
4:3o(4+1)5d
5:5o(3+1)6d
6:5o(6+1)7d
7:7o(3+1)8d"
H4N3,"RES
1b:b-dglc-HEX-1:5
2s:n-acetyl
3b:b-dglc-HEX-1:5
4s:n-acetyl
5b:b-dman-HEX-1:5
6b:a-dman-HEX-1:5
7b:b-dglc-HEX-1:5
8s:n-acetyl
9b:b-dgal-HEX-1:5
10b:a-dman-HEX-1:5
LIN
1:1d(2+1)2n
2:1o(4+1)3d
3:3d(2+1)4n
4:3o(4+1)5d
5:5o(3+1)6d
6:6o(2+1)7d
7:7d(2+1)8n
8:7o(4+1)9d
9:5o(6+1)10d"
H4N3S1,"RES
1b:b-dglc-HEX-1:5
2s:n-acetyl
3b:b-dglc-HEX-1:5
4s:n-acetyl
5b:b-dman-HEX-1:5
6b:a-dman-HEX-1:5
7b:b-dglc-HEX-1:5
8s:n-acetyl
9b:b-dgal-HEX-1:5
10b:a-dgro-dgal-NON-2:6|1:a|2:keto|3:d
11s:n-acetyl
12b:a-dman-HEX-1:5
LIN
1:1d(2+1)2n
2:1o(4+1)3d
3:3d(2+1)4n
4:3o(4+1)5d
5:5o(3+1)6d
6:6o(2+1)7d
7:7d(2+1)8n
8:7o(4+1)9d
9:9o(-1+2)10d
10:10d(5+1)11n
11:5o(6+1)12d"
H4N3F1,"RES
1b:b-dglc-HEX-1:5
2s:n-acetyl
3b:b-dglc-HEX-1:5
4s:n-acetyl
5b:b-dman-HEX-1:5
6b:a-dman-HEX-1:5
7b:b-dglc-HEX-1:5
8s:n-acetyl
9b:b-dgal-HEX-1:5
10b:a-dman-HEX-1:5
11b:a-lgal-HEX-1:5|6:d
LIN
1:1d(2+1)2n
2:1o(4+1)3d
3:3d(2+1)4n
4:3o(4+1)5d
5:5o(3+1)6d
6:6o(2+1)7d
7:7d(2+1)8n
8:7o(4+1)9d
9:5o(6+1)10d
10:1o(6+1)11d"
H4N3F1S1,"RES
1b:b-dglc-HEX-1:5
2s:n-acetyl
3b:b-dglc-HEX-1:5
4s:n-acetyl
5b:b-dman-HEX-1:5
6b:a-dman-HEX-1:5
7b:b-dglc-HEX-1:5
8s:n-acetyl
9b:b-dgal-HEX-1:5
10b:a-dgro-dgal-NON-2:6|1:a|2:keto|3:d
11s:n-acetyl
12b:a-dman-HEX-1:5
13b:a-lgal-HEX-1:5|6:d
LIN
1:1d(2+1)2n
2:1o(4+1)3d
3:3d(2+1)4n
4:3o(4+1)5d
5:5o(3+1)6d
6:6o(2+1)7d
7:7d(2+1)8n
8:7o(4+1)9d
9:9o(-1+2)10d
10:10d(5+1)11n
11:5o(6+1)12d
12:1o(6+1)13d"
H4N4,"RES
1b:b-dglc-HEX-1:5
2s:n-acetyl
3b:b-dglc-HEX-1:5
4s:n-acetyl
5b:b-dman-HEX-1:5
6b:a-dman-HEX-1:5
7b:b-dglc-HEX-1:5
8s:n-acetyl
9b:a-dman-HEX-1:5
10b:b-dglc-HEX-1:5
11s:n-acetyl
LIN
1:1d(2+1)2n
2:1o(4+1)3d
3:3d(2+1)4n
4:3o(4+1)5d
5:5o(3+1)6d
6:6o(2+1)7d
7:7d(2+1)8n
8:5o(6+1)9d
9:9o(2+1)10d
10:10d(2+1)11n
UND
UND1:100.0:100.0
ParentIDs:1|3|5|6|7|9|10
SubtreeLinkageID1:o(4+1)d
RES
12b:b-dgal-HEX-1:5"
H4N4S1,"RES
1b:b-dglc-HEX-1:5
2s:n-acetyl
3b:b-dglc-HEX-1:5
4s:n-acetyl
5b:b-dman-HEX-1:5
6b:a-dman-HEX-1:5
7b:b-dglc-HEX-1:5
8s:n-acetyl
9b:a-dman-HEX-1:5
10b:b-dglc-HEX-1:5
11s:n-acetyl
LIN
1:1d(2+1)2n
2:1o(4+1)3d
3:3d(2+1)4n
4:3o(4+1)5d
5:5o(3+1)6d
6:6o(2+1)7d
7:7d(2+1)8n
8:5o(6+1)9d
9:9o(2+1)10d
10:10d(2+1)11n
UND
UND1:100.0:100.0
ParentIDs:7|10
SubtreeLinkageID1:o(4+1)d
RES
12b:b-dgal-HEX-1:5
13b:a-dgro-dgal-NON-2:6|1:a|2:keto|3:d
14s:n-acetyl
LIN
11:12o(-1+2)13d
12:13d(5+1)14n"
H4N4F1,"RES
1b:b-dglc-HEX-1:5
2s:n-acetyl
3b:b-dglc-HEX-1:5
4s:n-acetyl
5b:b-dman-HEX-1:5
6b:a-dman-HEX-1:5
7b:b-dglc-HEX-1:5
8s:n-acetyl
9b:a-dman-HEX-1:5
10b:b-dglc-HEX-1:5
11s:n-acetyl
12b:a-lgal-HEX-1:5|6:d
LIN
1:1d(2+1)2n
2:1o(4+1)3d
3:3d(2+1)4n
4:3o(4+1)5d
5:5o(3+1)6d
6:6o(2+1)7d
7:7d(2+1)8n
8:5o(6+1)9d
9:9o(2+1)10d
10:10d(2+1)11n
11:1o(6+1)12d
UND
UND1:100.0:100.0
ParentIDs:1|3|5|6|7|9|10|12
SubtreeLinkageID1:o(4+1)d
RES
13b:b-dgal-HEX-1:5"
H4N4F1S1,"RES
1b:b-dglc-HEX-1:5
2s:n-acetyl
3b:b-dglc-HEX-1:5
4s:n-acetyl
5b:b-dman-HEX-1:5
6b:a-dman-HEX-1:5
7b:b-dglc-HEX-1:5
8s:n-acetyl
9b:a-dman-HEX-1:5
10b:b-dglc-HEX-1:5
11s:n-acetyl
12b:a-lgal-HEX-1:5|6:d
LIN
1:1d(2+1)2n
2:1o(4+1)3d
3:3d(2+1)4n
4:3o(4+1)5d
5:5o(3+1)6d
6:6o(2+1)7d
7:7d(2+1)8n
8:5o(6+1)9d
9:9o(2+1)10d
10:10d(2+1)11n
11:1o(6+1)12d
UND
UND1:100.0:100.0
ParentIDs:1|3|5|6|7|9|10|12
SubtreeLinkageID1:o(4+1)d
RES
13b:b-dgal-HEX-1:5
14b:a-dgro-dgal-NON-2:6|1:a|2:keto|3:d
15s:n-acetyl
LIN
12:13o(-1+2)14d
13:14d(5+1)15n"
H4N5,"RES
1b:b-dglc-HEX-1:5
2s:n-acetyl
3b:b-dglc-HEX-1:5
4s:n-acetyl
5b:b-dman-HEX-1:5
6b:a-dman-HEX-1:5
7b:b-dglc-HEX-1:5
8s:n-acetyl
9b:a-dman-HEX-1:5
10b:b-dglc-HEX-1:5
11s:n-acetyl
12b:b-dglc-HEX-1:5
13s:n-acetyl
LIN
1:1d(2+1)2n
2:1o(4+1)3d
3:3d(2+1)4n
4:3o(4+1)5d
5:5o(3+1)6d
6:6o(2+1)7d
7:7d(2+1)8n
8:5o(6+1)9d
9:9o(2+1)10d
10:10d(2+1)11n
11:9o(6+1)12d
12:12d(2+1)13n
UND
UND1:100.0:100.0
ParentIDs:1|3|5|6|7|9|10|12
SubtreeLinkageID1:o(4+1)d
RES
14b:b-dgal-HEX-1:5"
H4N5S1,"RES
1b:b-dglc-HEX-1:5
2s:n-acetyl
3b:b-dglc-HEX-1:5
4s:n-acetyl
5b:b-dman-HEX-1:5
6b:a-dman-HEX-1:5
7b:b-dglc-HEX-1:5
8s:n-acetyl
9b:a-dman-HEX-1:5
10b:b-dglc-HEX-1:5
11s:n-acetyl
12b:b-dglc-HEX-1:5
13s:n-acetyl
LIN
1:1d(2+1)2n
2:1o(4+1)3d
3:3d(2+1)4n
4:3o(4+1)5d
5:5o(3+1)6d
6:6o(2+1)7d
7:7d(2+1)8n
8:5o(6+1)9d
9:9o(2+1)10d
10:10d(2+1)11n
11:9o(6+1)12d
12:12d(2+1)13n
UND
UND1:100.0:100.0
ParentIDs:1|3|5|6|7|9|10|12
SubtreeLinkageID1:u(4+1)u
RES
14b:b-dgal-HEX-1:5
15b:a-dgro-dgal-NON-2:6|1:a|2:keto|3:d
16s:n-acetyl
LIN
13:14o(-1+2)15d
14:15d(5+1)16n
"
H4N5F1,"RES
1b:b-dglc-HEX-1:5
2s:n-acetyl
3b:b-dglc-HEX-1:5
4s:n-acetyl
5b:b-dman-HEX-1:5
6b:a-dman-HEX-1:5
7b:b-dglc-HEX-1:5
8s:n-acetyl
9b:b-dglc-HEX-1:5
10s:n-acetyl
11b:a-dman-HEX-1:5
12b:b-dglc-HEX-1:5
13s:n-acetyl
14b:a-lgal-HEX-1:5|6:d
LIN
1:1d(2+1)2n
2:1o(4+1)3d
3:3d(2+1)4n
4:3o(4+1)5d
5:5o(3+1)6d
6:6o(2+1)7d
7:7d(2+1)8n
8:5o(4+1)9d
9:9d(2+1)10n
10:5o(6+1)11d
11:11o(2+1)12d
12:12d(2+1)13n
13:1o(6+1)14d
UND
UND1:100.0:100.0
ParentIDs:1|3|5|6|7|9|11|12|14
SubtreeLinkageID1:u(4+1)u
RES
15b:b-dgal-HEX-1:5
"
H4N5F1S1,"RES
1b:b-dglc-HEX-1:5
2s:n-acetyl
3b:b-dglc-HEX-1:5
4s:n-acetyl
5b:b-dman-HEX-1:5
6b:a-dman-HEX-1:5
7b:b-dglc-HEX-1:5
8s:n-acetyl
9b:b-dglc-HEX-1:5
10s:n-acetyl
11b:a-dman-HEX-1:5
12b:b-dglc-HEX-1:5
13s:n-acetyl
14b:a-lgal-HEX-1:5|6:d
LIN
1:1d(2+1)2n
2:1o(4+1)3d
3:3d(2+1)4n
4:3o(4+1)5d
5:5o(3+1)6d
6:6o(2+1)7d
7:7d(2+1)8n
8:5o(4+1)9d
9:9d(2+1)10n
10:5o(6+1)11d
11:11o(2+1)12d
12:12d(2+1)13n
13:1o(6+1)14d
UND
UND1:100.0:100.0
ParentIDs:1|3|5|6|7|9|11|12|14
SubtreeLinkageID1:u(4+1)u
RES
15b:b-dgal-HEX-1:5
16b:a-dgro-dgal-NON-2:6|1:a|2:keto|3:d
17s:n-acetyl
LIN
14:15o(-1+2)16d
15:16d(5+1)17n
"
H5N2,"RES
1b:b-dglc-HEX-1:5
2s:n-acetyl
3b:b-dglc-HEX-1:5
4s:n-acetyl
5b:b-dman-HEX-1:5
6b:a-dman-HEX-1:5
7b:a-dman-HEX-1:5
8b:a-dman-HEX-1:5
9b:a-dman-HEX-1:5
LIN
1:1d(2+1)2n
2:1o(4+1)3d
3:3d(2+1)4n
4:3o(4+1)5d
5:5o(3+1)6d
6:5o(6+1)7d
7:7o(3+1)8d
8:7o(6+1)9d"
H5N3,"RES
1b:b-dglc-HEX-1:5
2s:n-acetyl
3b:b-dglc-HEX-1:5
4s:n-acetyl
5b:b-dman-HEX-1:5
6b:a-dman-HEX-1:5
7b:b-dglc-HEX-1:5
8s:n-acetyl
9b:a-dman-HEX-1:5
10b:a-dman-HEX-1:5
11b:a-dman-HEX-1:5
LIN
1:1d(2+1)2n
2:1o(4+1)3d
3:3d(2+1)4n
4:3o(4+1)5d
5:5o(3+1)6d
6:6o(2+1)7d
7:7d(2+1)8n
8:5o(6+1)9d
9:9o(3+1)10d
10:9o(6+1)11d"
H5N3S1,"RES
1b:b-dglc-HEX-1:5
2s:n-acetyl
3b:b-dglc-HEX-1:5
4s:n-acetyl
5b:b-dman-HEX-1:5
6b:a-dman-HEX-1:5
7b:b-dglc-HEX-1:5
8s:n-acetyl
9b:b-dgal-HEX-1:5
10b:a-dgro-dgal-NON-2:6|1:a|2:keto|3:d
11s:n-acetyl
12b:a-dman-HEX-1:5
13b:a-dman-HEX-1:5
LIN
1:1d(2+1)2n
2:1o(4+1)3d
3:3d(2+1)4n
4:3o(4+1)5d
5:5o(3+1)6d
6:6o(2+1)7d
7:7d(2+1)8n
8:7o(4+1)9d
9:9o(-1+2)10d
10:10d(5+1)11n
11:5o(6+1)12d
12:12o(3+1)13d"
H5N3F1S1,"RES
1b:b-dglc-HEX-1:5
2s:n-acetyl
3b:b-dglc-HEX-1:5
4s:n-acetyl
5b:b-dman-HEX-1:5
6b:a-dman-HEX-1:5
7b:b-dglc-HEX-1:5
8s:n-acetyl
9b:b-dgal-HEX-1:5
10b:a-dgro-dgal-NON-2:6|1:a|2:keto|3:d
11s:n-acetyl
12b:a-dman-HEX-1:5
13b:a-dman-HEX-1:5
14b:a-lgal-HEX-1:5|6:d
LIN
1:1d(2+1)2n
2:1o(4+1)3d
3:3d(2+1)4n
4:3o(4+1)5d
5:5o(3+1)6d
6:6o(2+1)7d
7:7d(2+1)8n
8:7o(4+1)9d
9:9o(-1+2)10d
10:10d(5+1)11n
11:5o(6+1)12d
12:12o(3+1)13d
13:1o(6+1)14d"
H5N4,"RES
1b:b-dglc-HEX-1:5
2s:n-acetyl
3b:b-dglc-HEX-1:5
4s:n-acetyl
5b:b-dman-HEX-1:5
6b:a-dman-HEX-1:5
7b:b-dglc-HEX-1:5
8s:n-acetyl
9b:b-dgal-HEX-1:5
10b:a-dman-HEX-1:5
11b:b-dglc-HEX-1:5
12s:n-acetyl
13b:b-dgal-HEX-1:5
LIN
1:1d(2+1)2n
2:1o(4+1)3d
3:3d(2+1)4n
4:3o(4+1)5d
5:5o(3+1)6d
6:6o(2+1)7d
7:7d(2+1)8n
8:7o(4+1)9d
9:5o(6+1)10d
10:10o(2+1)11d
11:11d(2+1)12n
12:11o(4+1)13d"
H5N4S1,"RES
1b:b-dglc-HEX-1:5
2s:n-acetyl
3b:b-dglc-HEX-1:5
4s:n-acetyl
5b:b-dman-HEX-1:5
6b:a-dman-HEX-1:5
7b:b-dglc-HEX-1:5
8s:n-acetyl
9b:b-dgal-HEX-1:5
10b:a-dman-HEX-1:5
11b:b-dglc-HEX-1:5
12s:n-acetyl
13b:b-dgal-HEX-1:5
LIN
1:1d(2+1)2n
2:1o(4+1)3d
3:3d(2+1)4n
4:3o(4+1)5d
5:5o(3+1)6d
6:6o(2+1)7d
7:7d(2+1)8n
8:7o(4+1)9d
9:5o(6+1)10d
10:10o(2+1)11d
11:11d(2+1)12n
12:11o(4+1)13d
UND
UND1:100.0:100.0
ParentIDs:1|3|5|6|7|9|10|11|13
SubtreeLinkageID1:o(-1+2)d
RES
14b:a-dgro-dgal-NON-2:6|1:a|2:keto|3:d
15s:n-acetyl
LIN
13:14d(5+1)15n"
H5N4S2,"RES
1b:b-dglc-HEX-1:5
2s:n-acetyl
3b:b-dglc-HEX-1:5
4s:n-acetyl
5b:b-dman-HEX-1:5
6b:a-dman-HEX-1:5
7b:b-dglc-HEX-1:5
8s:n-acetyl
9b:b-dgal-HEX-1:5
10b:a-dgro-dgal-NON-2:6|1:a|2:keto|3:d
11s:n-acetyl
12b:a-dman-HEX-1:5
13b:b-dglc-HEX-1:5
14s:n-acetyl
15b:b-dgal-HEX-1:5
16b:a-dgro-dgal-NON-2:6|1:a|2:keto|3:d
17s:n-acetyl
LIN
1:1d(2+1)2n
2:1o(4+1)3d
3:3d(2+1)4n
4:3o(4+1)5d
5:5o(3+1)6d
6:6o(2+1)7d
7:7d(2+1)8n
8:7o(4+1)9d
9:9o(-1+2)10d
10:10d(5+1)11n
11:5o(6+1)12d
12:12o(2+1)13d
13:13d(2+1)14n
14:13o(4+1)15d
15:15o(-1+2)16d
16:16d(5+1)17n"
H5N4F1,"RES
1b:b-dglc-HEX-1:5
2s:n-acetyl
3b:b-dglc-HEX-1:5
4s:n-acetyl
5b:b-dman-HEX-1:5
6b:a-dman-HEX-1:5
7b:b-dglc-HEX-1:5
8s:n-acetyl
9b:b-dgal-HEX-1:5
10b:a-dman-HEX-1:5
11b:b-dglc-HEX-1:5
12s:n-acetyl
13b:b-dgal-HEX-1:5
14b:a-lgal-HEX-1:5|6:d
LIN
1:1d(2+1)2n
2:1o(4+1)3d
3:3d(2+1)4n
4:3o(4+1)5d
5:5o(3+1)6d
6:6o(2+1)7d
7:7d(2+1)8n
8:7o(4+1)9d
9:5o(6+1)10d
10:10o(2+1)11d
11:11d(2+1)12n
12:11o(4+1)13d
13:1o(6+1)14d"
H5N4F1S1,"RES
1b:b-dglc-HEX-1:5
2s:n-acetyl
3b:b-dglc-HEX-1:5
4s:n-acetyl
5b:b-dman-HEX-1:5
6b:a-dman-HEX-1:5
7b:b-dglc-HEX-1:5
8s:n-acetyl
9b:b-dgal-HEX-1:5
10b:a-dman-HEX-1:5
11b:b-dglc-HEX-1:5
12s:n-acetyl
13b:b-dgal-HEX-1:5
14b:a-lgal-HEX-1:5|6:d
LIN
1:1d(2+1)2n
2:1o(4+1)3d
3:3d(2+1)4n
4:3o(4+1)5d
5:5o(3+1)6d
6:6o(2+1)7d
7:7d(2+1)8n
8:7o(4+1)9d
9:5o(6+1)10d
10:10o(2+1)11d
11:11d(2+1)12n
12:11o(4+1)13d
13:1o(6+1)14d
UND
UND1:100.0:100.0
ParentIDs:1|3|5|6|7|9|10|11|13
SubtreeLinkageID1:o(-1+2)d
RES
15b:a-dgro-dgal-NON-2:6|1:a|2:keto|3:d
16s:n-acetyl
LIN
14:15d(5+1)16n"
H5N4F1S2,"RES
1b:b-dglc-HEX-1:5
2s:n-acetyl
3b:b-dglc-HEX-1:5
4s:n-acetyl
5b:b-dman-HEX-1:5
6b:a-dman-HEX-1:5
7b:b-dglc-HEX-1:5
8s:n-acetyl
9b:b-dgal-HEX-1:5
10b:a-dgro-dgal-NON-2:6|1:a|2:keto|3:d
11s:n-acetyl
12b:a-dman-HEX-1:5
13b:b-dglc-HEX-1:5
14s:n-acetyl
15b:b-dgal-HEX-1:5
16b:a-dgro-dgal-NON-2:6|1:a|2:keto|3:d
17s:n-acetyl
18b:a-lgal-HEX-1:5|6:d
LIN
1:1d(2+1)2n
2:1o(4+1)3d
3:3d(2+1)4n
4:3o(4+1)5d
5:5o(3+1)6d
6:6o(2+1)7d
7:7d(2+1)8n
8:7o(4+1)9d
9:9o(-1+2)10d
10:10d(5+1)11n
11:5o(6+1)12d
12:12o(2+1)13d
13:13d(2+1)14n
14:13o(4+1)15d
15:15o(-1+2)16d
16:16d(5+1)17n
17:1o(6+1)18d"
H5N4F2,"RES
1b:b-dglc-HEX-1:5
2s:n-acetyl
3b:b-dglc-HEX-1:5
4s:n-acetyl
5b:b-dman-HEX-1:5
6b:a-dman-HEX-1:5
7b:b-dglc-HEX-1:5
8s:n-acetyl
9b:b-dgal-HEX-1:5
10b:a-dman-HEX-1:5
11b:b-dglc-HEX-1:5
12s:n-acetyl
13b:a-lgal-HEX-1:5|6:d
14b:b-dgal-HEX-1:5
15b:a-lgal-HEX-1:5|6:d
LIN
1:1d(2+1)2n
2:1o(4+1)3d
3:3d(2+1)4n
4:3o(4+1)5d
5:5o(3+1)6d
6:6o(2+1)7d
7:7d(2+1)8n
8:7o(4+1)9d
9:5o(6+1)10d
10:10o(2+1)11d
11:11d(2+1)12n
12:11o(3+1)13d
13:11o(4+1)14d
14:1o(6+1)15d"
H5N4F2S1,"RES
1b:b-dglc-HEX-1:5
2s:n-acetyl
3b:b-dglc-HEX-1:5
4s:n-acetyl
5b:b-dman-HEX-1:5
6b:a-dman-HEX-1:5
7b:b-dglc-HEX-1:5
8s:n-acetyl
9b:b-dgal-HEX-1:5
10b:a-dman-HEX-1:5
11b:b-dglc-HEX-1:5
12s:n-acetyl
13b:a-lgal-HEX-1:5|6:d
14b:b-dgal-HEX-1:5
15b:a-lgal-HEX-1:5|6:d
LIN
1:1d(2+1)2n
2:1o(4+1)3d
3:3d(2+1)4n
4:3o(4+1)5d
5:5o(3+1)6d
6:6o(2+1)7d
7:7d(2+1)8n
8:7o(4+1)9d
9:5o(6+1)10d
10:10o(2+1)11d
11:11d(2+1)12n
12:11o(3+1)13d
13:11o(4+1)14d
14:1o(6+1)15d
UND
UND1:100.0:100.0
ParentIDs:1|3|5|6|7|9|10|11|13|14|15
SubtreeLinkageID1:u(-1+2)u
RES
16b:a-dgro-dgal-NON-2:6|1:a|2:keto|3:d
17s:n-acetyl
LIN
15:16d(5+1)17n
"
H5N5,"RES
1b:b-dglc-HEX-1:5
2s:n-acetyl
3b:b-dglc-HEX-1:5
4s:n-acetyl
5b:b-dman-HEX-1:5
6b:a-dman-HEX-1:5
7b:b-dglc-HEX-1:5
8s:n-acetyl
9b:b-dgal-HEX-1:5
10b:b-dglc-HEX-1:5
11s:n-acetyl
12b:a-dman-HEX-1:5
13b:b-dglc-HEX-1:5
14s:n-acetyl
15b:b-dgal-HEX-1:5
LIN
1:1d(2+1)2n
2:1o(4+1)3d
3:3d(2+1)4n
4:3o(4+1)5d
5:5o(3+1)6d
6:6o(2+1)7d
7:7d(2+1)8n
8:7o(4+1)9d
9:5o(4+1)10d
10:10d(2+1)11n
11:5o(6+1)12d
12:12o(2+1)13d
13:13d(2+1)14n
14:13o(4+1)15d"
H5N5S1,"RES
1b:b-dglc-HEX-1:5
2s:n-acetyl
3b:b-dglc-HEX-1:5
4s:n-acetyl
5b:b-dman-HEX-1:5
6b:a-dman-HEX-1:5
7b:b-dglc-HEX-1:5
8s:n-acetyl
9b:b-dgal-HEX-1:5
10b:b-dglc-HEX-1:5
11s:n-acetyl
12b:a-dman-HEX-1:5
13b:b-dglc-HEX-1:5
14s:n-acetyl
15b:b-dgal-HEX-1:5
LIN
1:1d(2+1)2n
2:1o(4+1)3d
3:3d(2+1)4n
4:3o(4+1)5d
5:5o(3+1)6d
6:6o(2+1)7d
7:7d(2+1)8n
8:7o(4+1)9d
9:5o(4+1)10d
10:10d(2+1)11n
11:5o(6+1)12d
12:12o(2+1)13d
13:13d(2+1)14n
14:13o(4+1)15d
UND
UND1:100.0:100.0
ParentIDs:9|15
SubtreeLinkageID1:o(6+2)d
RES
16b:a-dgro-dgal-NON-2:6|1:a|2:keto|3:d
17s:n-acetyl
LIN
15:16d(5+1)17n"
H5N5S2,"RES
1b:b-dglc-HEX-1:5
2s:n-acetyl
3b:b-dglc-HEX-1:5
4s:n-acetyl
5b:b-dman-HEX-1:5
6b:a-dman-HEX-1:5
7b:b-dglc-HEX-1:5
8s:n-acetyl
9b:b-dgal-HEX-1:5
10b:a-dgro-dgal-NON-2:6|1:a|2:keto|3:d
11s:n-acetyl
12b:b-dglc-HEX-1:5
13s:n-acetyl
14b:a-dman-HEX-1:5
15b:b-dglc-HEX-1:5
16s:n-acetyl
17b:b-dgal-HEX-1:5
18b:a-dgro-dgal-NON-2:6|1:a|2:keto|3:d
19s:n-acetyl
LIN
1:1d(2+1)2n
2:1o(4+1)3d
3:3d(2+1)4n
4:3o(4+1)5d
5:5o(3+1)6d
6:6o(2+1)7d
7:7d(2+1)8n
8:7o(4+1)9d
9:9o(-1+2)10d
10:10d(5+1)11n
11:5o(4+1)12d
12:12d(2+1)13n
13:5o(6+1)14d
14:14o(2+1)15d
15:15d(2+1)16n
16:15o(4+1)17d
17:17o(-1+2)18d
18:18d(5+1)19n"
H5N5F1,"RES
1b:b-dglc-HEX-1:5
2s:n-acetyl
3b:b-dglc-HEX-1:5
4s:n-acetyl
5b:b-dman-HEX-1:5
6b:a-dman-HEX-1:5
7b:b-dglc-HEX-1:5
8s:n-acetyl
9b:b-dgal-HEX-1:5
10b:b-dglc-HEX-1:5
11s:n-acetyl
12b:a-dman-HEX-1:5
13b:b-dglc-HEX-1:5
14s:n-acetyl
15b:b-dgal-HEX-1:5
16b:a-lgal-HEX-1:5|6:d
LIN
1:1d(2+1)2n
2:1o(4+1)3d
3:3d(2+1)4n
4:3o(4+1)5d
5:5o(3+1)6d
6:6o(2+1)7d
7:7d(2+1)8n
8:7o(4+1)9d
9:5o(4+1)10d
10:10d(2+1)11n
11:5o(6+1)12d
12:12o(2+1)13d
13:13d(2+1)14n
14:13o(4+1)15d
15:1o(6+1)16d"
H5N5F1S1,"RES
1b:b-dglc-HEX-1:5
2s:n-acetyl
3b:b-dglc-HEX-1:5
4s:n-acetyl
5b:b-dman-HEX-1:5
6b:a-dman-HEX-1:5
7b:b-dglc-HEX-1:5
8s:n-acetyl
9b:b-dgal-HEX-1:5
10b:b-dglc-HEX-1:5
11s:n-acetyl
12b:a-dman-HEX-1:5
13b:b-dglc-HEX-1:5
14s:n-acetyl
15b:b-dgal-HEX-1:5
16b:a-lgal-HEX-1:5|6:d
LIN
1:1d(2+1)2n
2:1o(4+1)3d
3:3d(2+1)4n
4:3o(4+1)5d
5:5o(3+1)6d
6:6o(2+1)7d
7:7d(2+1)8n
8:7o(4+1)9d
9:5o(4+1)10d
10:10d(2+1)11n
11:5o(6+1)12d
12:12o(2+1)13d
13:13d(2+1)14n
14:13o(4+1)15d
15:1o(6+1)16d
UND
UND1:100.0:100.0
ParentIDs:1|3|5|6|7|9|10|12|13|15|16
SubtreeLinkageID1:o(-1+2)d
RES
17b:a-dgro-dgal-NON-2:6|1:a|2:keto|3:d
18s:n-acetyl
LIN
16:17d(5+1)18n"
H5N5F1S2,"RES
1b:b-dglc-HEX-1:5
2s:n-acetyl
3b:b-dglc-HEX-1:5
4s:n-acetyl
5b:b-dman-HEX-1:5
6b:a-dman-HEX-1:5
7b:b-dglc-HEX-1:5
8s:n-acetyl
9b:b-dgal-HEX-1:5
10b:a-dgro-dgal-NON-2:6|1:a|2:keto|3:d
11s:n-acetyl
12b:b-dglc-HEX-1:5
13s:n-acetyl
14b:a-dman-HEX-1:5
15b:b-dglc-HEX-1:5
16s:n-acetyl
17b:b-dgal-HEX-1:5
18b:a-dgro-dgal-NON-2:6|1:a|2:keto|3:d
19s:n-acetyl
20b:a-lgal-HEX-1:5|6:d
LIN
1:1d(2+1)2n
2:1o(4+1)3d
3:3d(2+1)4n
4:3o(4+1)5d
5:5o(3+1)6d
6:6o(2+1)7d
7:7d(2+1)8n
8:7o(4+1)9d
9:9o(-1+2)10d
10:10d(5+1)11n
11:5o(4+1)12d
12:12d(2+1)13n
13:5o(6+1)14d
14:14o(2+1)15d
15:15d(2+1)16n
16:15o(4+1)17d
17:17o(-1+2)18d
18:18d(5+1)19n
19:1o(6+1)20d"
H6N2,"RES
1b:b-dglc-HEX-1:5
2s:n-acetyl
3b:b-dglc-HEX-1:5
4s:n-acetyl
5b:b-dman-HEX-1:5
6b:a-dman-HEX-1:5
7b:a-dman-HEX-1:5
8b:a-dman-HEX-1:5
9b:a-dman-HEX-1:5
10b:a-dman-HEX-1:5
LIN
1:1d(2+1)2n
2:1o(4+1)3d
3:3d(2+1)4n
4:3o(4+1)5d
5:5o(3+1)6d
6:6o(2+1)7d
7:5o(6+1)8d
8:8o(3+1)9d
9:8o(6+1)10d"
H6N3,"RES
1b:b-dglc-HEX-1:5
2s:n-acetyl
3b:b-dglc-HEX-1:5
4s:n-acetyl
5b:b-dman-HEX-1:5
6b:a-dman-HEX-1:5
7b:b-dglc-HEX-1:5
8s:n-acetyl
9b:b-dgal-HEX-1:5
10b:a-dman-HEX-1:5
11b:a-dman-HEX-1:5
12b:a-dman-HEX-1:5
LIN
1:1d(2+1)2n
2:1o(4+1)3d
3:3d(2+1)4n
4:3o(4+1)5d
5:5o(3+1)6d
6:6o(2+1)7d
7:7d(2+1)8n
8:7o(4+1)9d
9:5o(6+1)10d
10:10o(3+1)11d
11:10o(6+1)12d"
H6N3S1,"RES
1b:b-dglc-HEX-1:5
2s:n-acetyl
3b:b-dglc-HEX-1:5
4s:n-acetyl
5b:b-dman-HEX-1:5
6b:a-dman-HEX-1:5
7b:b-dglc-HEX-1:5
8s:n-acetyl
9b:b-dgal-HEX-1:5
10b:a-dgro-dgal-NON-2:6|1:a|2:keto|3:d
11s:n-acetyl
12b:a-dman-HEX-1:5
13b:a-dman-HEX-1:5
14b:a-dman-HEX-1:5
LIN
1:1d(2+1)2n
2:1o(4+1)3d
3:3d(2+1)4n
4:3o(4+1)5d
5:5o(3+1)6d
6:6o(2+1)7d
7:7d(2+1)8n
8:7o(4+1)9d
9:9o(-1+2)10d
10:10d(5+1)11n
11:5o(6+1)12d
12:12o(3+1)13d
13:12o(6+1)14d
"
H6N3F1S1,"RES
1b:b-dglc-HEX-1:5
2s:n-acetyl
3b:b-dglc-HEX-1:5
4s:n-acetyl
5b:b-dman-HEX-1:5
6b:a-dman-HEX-1:5
7b:b-dglc-HEX-1:5
8s:n-acetyl
9b:b-dgal-HEX-1:5
10b:a-dgro-dgal-NON-2:6|1:a|2:keto|3:d
11s:n-acetyl
12b:a-dman-HEX-1:5
13b:a-dman-HEX-1:5
14b:a-dman-HEX-1:5
15b:a-lgal-HEX-1:5|6:d
LIN
1:1d(2+1)2n
2:1o(4+1)3d
3:3d(2+1)4n
4:3o(4+1)5d
5:5o(3+1)6d
6:6o(2+1)7d
7:7d(2+1)8n
8:7o(4+1)9d
9:9o(-1+2)10d
10:10d(5+1)11n
11:5o(6+1)12d
12:12o(3+1)13d
13:12o(6+1)14d
14:1o(6+1)15d
"
H6N4S2,"RES
1b:b-dglc-HEX-1:5
2s:n-acetyl
3b:b-dglc-HEX-1:5
4s:n-acetyl
5b:b-dman-HEX-1:5
6b:a-dman-HEX-1:5
7b:b-dglc-HEX-1:5
8s:n-acetyl
9b:b-dgal-HEX-1:5
10b:a-dgro-dgal-NON-2:6|1:a|2:keto|3:d
11s:n-acetyl
12b:b-dglc-HEX-1:5
13s:n-acetyl
14b:b-dgal-HEX-1:5
15b:a-dgro-dgal-NON-2:6|1:a|2:keto|3:d
16s:n-acetyl
17b:a-dman-HEX-1:5
18b:a-dman-HEX-1:5
LIN
1:1d(2+1)2n
2:1o(4+1)3d
3:3d(2+1)4n
4:3o(4+1)5d
5:5o(3+1)6d
6:6o(2+1)7d
7:7d(2+1)8n
8:7o(4+1)9d
9:9o(-1+2)10d
10:10d(5+1)11n
11:6o(4+1)12d
12:12d(2+1)13n
13:12o(4+1)14d
14:14o(-1+2)15d
15:15d(5+1)16n
16:5o(6+1)17d
17:17o(-1+1)18d
"
H6N5,"RES
1b:b-dglc-HEX-1:5
2s:n-acetyl
3b:b-dglc-HEX-1:5
4s:n-acetyl
5b:b-dman-HEX-1:5
6b:a-dman-HEX-1:5
7b:b-dglc-HEX-1:5
8s:n-acetyl
9b:b-dgal-HEX-1:5
10b:a-dman-HEX-1:5
11b:b-dglc-HEX-1:5
12s:n-acetyl
13b:b-dgal-HEX-1:5
14b:b-dglc-HEX-1:5
15s:n-acetyl
16b:b-dgal-HEX-1:5
LIN
1:1d(2+1)2n
2:1o(4+1)3d
3:3d(2+1)4n
4:3o(4+1)5d
5:5o(3+1)6d
6:6o(2+1)7d
7:7d(2+1)8n
8:7o(4+1)9d
9:5o(6+1)10d
10:10o(2+1)11d
11:11d(2+1)12n
12:11o(4+1)13d
13:10o(6+1)14d
14:14d(2+1)15n
15:14o(4+1)16d
"
H6N5S1,"RES
1b:b-dglc-HEX-1:5
2s:n-acetyl
3b:b-dglc-HEX-1:5
4s:n-acetyl
5b:b-dman-HEX-1:5
6b:a-dman-HEX-1:5
7b:b-dglc-HEX-1:5
8s:n-acetyl
9b:b-dgal-HEX-1:5
10b:a-dman-HEX-1:5
11b:b-dglc-HEX-1:5
12s:n-acetyl
13b:b-dgal-HEX-1:5
14b:b-dglc-HEX-1:5
15s:n-acetyl
16b:b-dgal-HEX-1:5
LIN
1:1d(2+1)2n
2:1o(4+1)3d
3:3d(2+1)4n
4:3o(4+1)5d
5:5o(3+1)6d
6:6o(2+1)7d
7:7d(2+1)8n
8:7o(4+1)9d
9:5o(6+1)10d
10:10o(2+1)11d
11:11d(2+1)12n
12:11o(4+1)13d
13:10o(6+1)14d
14:14d(2+1)15n
15:14o(4+1)16d
UND
UND1:100.0:100.0
ParentIDs:1|3|5|6|7|9|10|11|13|14|16
SubtreeLinkageID1:u(-1+2)u
RES
17b:a-dgro-dgal-NON-2:6|1:a|2:keto|3:d
18s:n-acetyl
LIN
16:17d(5+1)18n
"
H6N5S2,"RES
1b:b-dglc-HEX-1:5
2s:n-acetyl
3b:b-dglc-HEX-1:5
4s:n-acetyl
5b:b-dman-HEX-1:5
6b:a-dman-HEX-1:5
7b:b-dglc-HEX-1:5
8s:n-acetyl
9b:b-dgal-HEX-1:5
10b:a-dman-HEX-1:5
11b:b-dglc-HEX-1:5
12s:n-acetyl
13b:b-dgal-HEX-1:5
14b:b-dglc-HEX-1:5
15s:n-acetyl
16b:b-dgal-HEX-1:5
LIN
1:1d(2+1)2n
2:1o(4+1)3d
3:3d(2+1)4n
4:3o(4+1)5d
5:5o(3+1)6d
6:6o(2+1)7d
7:7d(2+1)8n
8:7o(4+1)9d
9:5o(6+1)10d
10:10o(2+1)11d
11:11d(2+1)12n
12:11o(4+1)13d
13:10o(6+1)14d
14:14d(2+1)15n
15:14o(4+1)16d
UND
UND1:100.0:100.0
ParentIDs:1|3|5|6|7|9|10|11|13|14|16
SubtreeLinkageID1:u(-1+2)u
RES
17b:a-dgro-dgal-NON-2:6|1:a|2:keto|3:d
18s:n-acetyl
LIN
16:17d(5+1)18n
UND2:100.0:100.0
ParentIDs:1|3|5|6|7|9|10|11|13|14|16
SubtreeLinkageID1:u(-1+2)u
RES
19b:a-dgro-dgal-NON-2:6|1:a|2:keto|3:d
20s:n-acetyl
LIN
17:19d(5+1)20n
"
H6N5S3,"RES
1b:b-dglc-HEX-1:5
2s:n-acetyl
3b:b-dglc-HEX-1:5
4s:n-acetyl
5b:b-dman-HEX-1:5
6b:a-dman-HEX-1:5
7b:b-dglc-HEX-1:5
8s:n-acetyl
9b:b-dgal-HEX-1:5
10b:a-dgro-dgal-NON-2:6|1:a|2:keto|3:d
11s:n-acetyl
12b:a-dman-HEX-1:5
13b:b-dglc-HEX-1:5
14s:n-acetyl
15b:b-dgal-HEX-1:5
16b:a-dgro-dgal-NON-2:6|1:a|2:keto|3:d
17s:n-acetyl
18b:b-dglc-HEX-1:5
19s:n-acetyl
20b:b-dgal-HEX-1:5
21b:a-dgro-dgal-NON-2:6|1:a|2:keto|3:d
22s:n-acetyl
LIN
1:1d(2+1)2n
2:1o(4+1)3d
3:3d(2+1)4n
4:3o(4+1)5d
5:5o(3+1)6d
6:6o(2+1)7d
7:7d(2+1)8n
8:7o(4+1)9d
9:9o(-1+2)10d
10:10d(5+1)11n
11:5o(6+1)12d
12:12o(2+1)13d
13:13d(2+1)14n
14:13o(4+1)15d
15:15o(-1+2)16d
16:16d(5+1)17n
17:12o(6+1)18d
18:18d(2+1)19n
19:18o(4+1)20d
20:20o(-1+2)21d
21:21d(5+1)22n
"
H6N5F1S1,"RES
1b:b-dglc-HEX-1:5
2s:n-acetyl
3b:b-dglc-HEX-1:5
4s:n-acetyl
5b:b-dman-HEX-1:5
6b:a-dman-HEX-1:5
7b:b-dglc-HEX-1:5
8s:n-acetyl
9b:b-dgal-HEX-1:5
10b:a-dman-HEX-1:5
11b:b-dglc-HEX-1:5
12s:n-acetyl
13b:b-dgal-HEX-1:5
14b:b-dglc-HEX-1:5
15s:n-acetyl
16b:b-dgal-HEX-1:5
17b:a-lgal-HEX-1:5|6:d
LIN
1:1d(2+1)2n
2:1o(4+1)3d
3:3d(2+1)4n
4:3o(4+1)5d
5:5o(3+1)6d
6:6o(2+1)7d
7:7d(2+1)8n
8:7o(4+1)9d
9:5o(6+1)10d
10:10o(2+1)11d
11:11d(2+1)12n
12:11o(4+1)13d
13:10o(6+1)14d
14:14d(2+1)15n
15:14o(4+1)16d
16:1o(6+1)17d
UND
UND1:100.0:100.0
ParentIDs:1|3|5|6|7|9|10|11|13|14|16|17
SubtreeLinkageID1:u(-1+2)u
RES
18b:a-dgro-dgal-NON-2:6|1:a|2:keto|3:d
19s:n-acetyl
LIN
17:18d(5+1)19n
"
H6N5F1S2,"RES
1b:b-dglc-HEX-1:5
2s:n-acetyl
3b:b-dglc-HEX-1:5
4s:n-acetyl
5b:b-dman-HEX-1:5
6b:a-dman-HEX-1:5
7b:b-dglc-HEX-1:5
8s:n-acetyl
9b:b-dgal-HEX-1:5
10b:a-dman-HEX-1:5
11b:b-dglc-HEX-1:5
12s:n-acetyl
13b:b-dgal-HEX-1:5
14b:b-dglc-HEX-1:5
15s:n-acetyl
16b:b-dgal-HEX-1:5
17b:a-lgal-HEX-1:5|6:d
LIN
1:1d(2+1)2n
2:1o(4+1)3d
3:3d(2+1)4n
4:3o(4+1)5d
5:5o(3+1)6d
6:6o(2+1)7d
7:7d(2+1)8n
8:7o(4+1)9d
9:5o(6+1)10d
10:10o(2+1)11d
11:11d(2+1)12n
12:11o(4+1)13d
13:10o(6+1)14d
14:14d(2+1)15n
15:14o(4+1)16d
16:1o(6+1)17d
UND
UND1:100.0:100.0
ParentIDs:1|3|5|6|7|9|10|11|13|14|16|17
SubtreeLinkageID1:u(-1+2)u
RES
18b:a-dgro-dgal-NON-2:6|1:a|2:keto|3:d
19s:n-acetyl
LIN
17:18d(5+1)19n
UND2:100.0:100.0
ParentIDs:1|3|5|6|7|9|10|11|13|14|16|17
SubtreeLinkageID1:u(-1+2)u
RES
20b:a-dgro-dgal-NON-2:6|1:a|2:keto|3:d
21s:n-acetyl
LIN
18:20d(5+1)21n
"
H6N5F1S3,"RES
1b:b-dglc-HEX-1:5
2s:n-acetyl
3b:b-dglc-HEX-1:5
4s:n-acetyl
5b:b-dman-HEX-1:5
6b:a-dman-HEX-1:5
7b:b-dglc-HEX-1:5
8s:n-acetyl
9b:b-dgal-HEX-1:5
10b:a-dgro-dgal-NON-2:6|1:a|2:keto|3:d
11s:n-acetyl
12b:a-dman-HEX-1:5
13b:b-dglc-HEX-1:5
14s:n-acetyl
15b:b-dgal-HEX-1:5
16b:a-dgro-dgal-NON-2:6|1:a|2:keto|3:d
17s:n-acetyl
18b:b-dglc-HEX-1:5
19s:n-acetyl
20b:b-dgal-HEX-1:5
21b:a-dgro-dgal-NON-2:6|1:a|2:keto|3:d
22s:n-acetyl
23b:a-lgal-HEX-1:5|6:d
LIN
1:1d(2+1)2n
2:1o(4+1)3d
3:3d(2+1)4n
4:3o(4+1)5d
5:5o(3+1)6d
6:6o(2+1)7d
7:7d(2+1)8n
8:7o(4+1)9d
9:9o(-1+2)10d
10:10d(5+1)11n
11:5o(6+1)12d
12:12o(2+1)13d
13:13d(2+1)14n
14:13o(4+1)15d
15:15o(-1+2)16d
16:16d(5+1)17n
17:12o(6+1)18d
18:18d(2+1)19n
19:18o(4+1)20d
20:20o(-1+2)21d
21:21d(5+1)22n
22:1o(6+1)23d
"
H6N5F2S3,"RES
1b:b-dglc-HEX-1:5
2s:n-acetyl
3b:b-dglc-HEX-1:5
4s:n-acetyl
5b:b-dman-HEX-1:5
6b:a-dman-HEX-1:5
7b:b-dglc-HEX-1:5
8s:n-acetyl
9b:b-dgal-HEX-1:5
10b:a-dgro-dgal-NON-2:6|1:a|2:keto|3:d
11s:n-acetyl
12b:a-dman-HEX-1:5
13b:b-dglc-HEX-1:5
14s:n-acetyl
15b:b-dgal-HEX-1:5
16b:a-dgro-dgal-NON-2:6|1:a|2:keto|3:d
17s:n-acetyl
18b:b-dglc-HEX-1:5
19s:n-acetyl
20b:b-dgal-HEX-1:5
21b:a-dgro-dgal-NON-2:6|1:a|2:keto|3:d
22s:n-acetyl
23b:a-lgal-HEX-1:5|6:d
LIN
1:1d(2+1)2n
2:1o(4+1)3d
3:3d(2+1)4n
4:3o(4+1)5d
5:5o(3+1)6d
6:6o(2+1)7d
7:7d(2+1)8n
8:7o(4+1)9d
9:9o(-1+2)10d
10:10d(5+1)11n
11:5o(6+1)12d
12:12o(2+1)13d
13:13d(2+1)14n
14:13o(4+1)15d
15:15o(-1+2)16d
16:16d(5+1)17n
17:12o(6+1)18d
18:18d(2+1)19n
19:18o(4+1)20d
20:20o(-1+2)21d
21:21d(5+1)22n
22:1o(6+1)23d
UND
UND1:100.0:100.0
ParentIDs:1|3|5|6|7|9|10|12|13|15|16|18|20|21|23
SubtreeLinkageID1:u(3+1)u
RES
24b:a-lgal-HEX-1:5|6:d
"
H6N6F1S1,"RES
1b:b-dglc-HEX-1:5
2s:n-acetyl
3b:b-dglc-HEX-1:5
4s:n-acetyl
5b:b-dman-HEX-1:5
6b:a-dman-HEX-1:5
7b:b-dglc-HEX-1:5
8s:n-acetyl
9b:b-dgal-HEX-1:5
10b:b-dglc-HEX-1:5
11s:n-acetyl
12b:a-dman-HEX-1:5
13b:b-dglc-HEX-1:5
14s:n-acetyl
15b:b-dgal-HEX-1:5
16b:b-dglc-HEX-1:5
17s:n-acetyl
18b:b-dgal-HEX-1:5
19b:a-lgal-HEX-1:5|6:d
LIN
1:1d(2+1)2n
2:1o(4+1)3d
3:3d(2+1)4n
4:3o(4+1)5d
5:5o(3+1)6d
6:6o(2+1)7d
7:7d(2+1)8n
8:7o(4+1)9d
9:5o(4+1)10d
10:10d(2+1)11n
11:5o(6+1)12d
12:12o(2+1)13d
13:13d(2+1)14n
14:13o(4+1)15d
15:12o(6+1)16d
16:16d(2+1)17n
17:16o(4+1)18d
18:1o(6+1)19d
UND
UND1:100.0:100.0
ParentIDs:1|3|5|6|7|9|10|12|13|15|16|18|19
SubtreeLinkageID1:u(-1+2)u
RES
20b:a-dgro-dgal-NON-2:6|1:a|2:keto|3:d
21s:n-acetyl
LIN
19:20d(5+1)21n
"
H6N6F1S2,"RES
1b:b-dglc-HEX-1:5
2s:n-acetyl
3b:b-dglc-HEX-1:5
4s:n-acetyl
5b:b-dman-HEX-1:5
6b:a-dman-HEX-1:5
7b:b-dglc-HEX-1:5
8s:n-acetyl
9b:b-dgal-HEX-1:5
10b:b-dglc-HEX-1:5
11s:n-acetyl
12b:a-dman-HEX-1:5
13b:b-dglc-HEX-1:5
14s:n-acetyl
15b:b-dgal-HEX-1:5
16b:b-dglc-HEX-1:5
17s:n-acetyl
18b:b-dgal-HEX-1:5
19b:a-lgal-HEX-1:5|6:d
LIN
1:1d(2+1)2n
2:1o(4+1)3d
3:3d(2+1)4n
4:3o(4+1)5d
5:5o(3+1)6d
6:6o(2+1)7d
7:7d(2+1)8n
8:7o(4+1)9d
9:5o(4+1)10d
10:10d(2+1)11n
11:5o(6+1)12d
12:12o(2+1)13d
13:13d(2+1)14n
14:13o(4+1)15d
15:12o(6+1)16d
16:16d(2+1)17n
17:16o(4+1)18d
18:1o(6+1)19d
UND
UND1:100.0:100.0
ParentIDs:1|3|5|6|7|9|10|12|13|15|16|18|19
SubtreeLinkageID1:u(-1+2)u
RES
20b:a-dgro-dgal-NON-2:6|1:a|2:keto|3:d
21s:n-acetyl
LIN
19:20d(5+1)21n
UND2:100.0:100.0
ParentIDs:1|3|5|6|7|9|10|12|13|15|16|18|19
SubtreeLinkageID1:u(-1+2)u
RES
22b:a-dgro-dgal-NON-2:6|1:a|2:keto|3:d
23s:n-acetyl
LIN
20:22d(5+1)23n
"
H7N2,"RES
1b:b-dglc-HEX-1:5
2s:n-acetyl
3b:b-dglc-HEX-1:5
4s:n-acetyl
5b:b-dman-HEX-1:5
6b:a-dman-HEX-1:5
7b:a-dman-HEX-1:5
8b:a-dman-HEX-1:5
9b:a-dman-HEX-1:5
10b:a-dman-HEX-1:5
11b:a-dman-HEX-1:5
LIN
1:1d(2+1)2n
2:1o(4+1)3d
3:3d(2+1)4n
4:3o(4+1)5d
5:5o(3+1)6d
6:6o(2+1)7d
7:5o(6+1)8d
8:8o(3+1)9d
9:8o(6+1)10d
10:10o(2+1)11d
"
H7N6S1,"RES
1b:b-dglc-HEX-1:5
2s:n-acetyl
3b:b-dglc-HEX-1:5
4s:n-acetyl
5b:b-dman-HEX-1:5
6b:a-dman-HEX-1:5
7b:b-dglc-HEX-1:5
8s:n-acetyl
9b:b-dgal-HEX-1:5
10b:b-dglc-HEX-1:5
11s:n-acetyl
12b:b-dgal-HEX-1:5
13b:a-dman-HEX-1:5
14b:b-dglc-HEX-1:5
15s:n-acetyl
16b:b-dgal-HEX-1:5
17b:b-dglc-HEX-1:5
18s:n-acetyl
19b:b-dgal-HEX-1:5
LIN
1:1d(2+1)2n
2:1o(4+1)3d
3:3d(2+1)4n
4:3o(4+1)5d
5:5o(3+1)6d
6:6o(2+1)7d
7:7d(2+1)8n
8:7o(4+1)9d
9:6o(4+1)10d
10:10d(2+1)11n
11:10o(4+1)12d
12:5o(6+1)13d
13:13o(2+1)14d
14:14d(2+1)15n
15:14o(4+1)16d
16:13o(6+1)17d
17:17d(2+1)18n
18:17o(4+1)19d
UND
UND1:100.0:100.0
ParentIDs:1|3|5|6|7|9|10|12|13|14|16|17|19
SubtreeLinkageID1:u(-1+2)u
RES
20b:a-dgro-dgal-NON-2:6|1:a|2:keto|3:d
21s:n-acetyl
LIN
19:20d(5+1)21n
"
H7N6S2,"RES
1b:b-dglc-HEX-1:5
2s:n-acetyl
3b:b-dglc-HEX-1:5
4s:n-acetyl
5b:b-dman-HEX-1:5
6b:a-dman-HEX-1:5
7b:b-dglc-HEX-1:5
8s:n-acetyl
9b:b-dgal-HEX-1:5
10b:b-dglc-HEX-1:5
11s:n-acetyl
12b:b-dgal-HEX-1:5
13b:a-dman-HEX-1:5
14b:b-dglc-HEX-1:5
15s:n-acetyl
16b:b-dgal-HEX-1:5
17b:b-dglc-HEX-1:5
18s:n-acetyl
19b:b-dgal-HEX-1:5
LIN
1:1d(2+1)2n
2:1o(4+1)3d
3:3d(2+1)4n
4:3o(4+1)5d
5:5o(3+1)6d
6:6o(2+1)7d
7:7d(2+1)8n
8:7o(4+1)9d
9:6o(4+1)10d
10:10d(2+1)11n
11:10o(4+1)12d
12:5o(6+1)13d
13:13o(2+1)14d
14:14d(2+1)15n
15:14o(4+1)16d
16:13o(6+1)17d
17:17d(2+1)18n
18:17o(4+1)19d
UND
UND1:100.0:100.0
ParentIDs:1|3|5|6|7|9|10|12|13|14|16|17|19
SubtreeLinkageID1:u(-1+2)u
RES
20b:a-dgro-dgal-NON-2:6|1:a|2:keto|3:d
21s:n-acetyl
LIN
19:20d(5+1)21n
UND2:100.0:100.0
ParentIDs:1|3|5|6|7|9|10|12|13|14|16|17|19
SubtreeLinkageID1:u(-1+2)u
RES
22b:a-dgro-dgal-NON-2:6|1:a|2:keto|3:d
23s:n-acetyl
LIN
20:22d(5+1)23n
"
H7N6S3,"RES
1b:b-dglc-HEX-1:5
2s:n-acetyl
3b:b-dglc-HEX-1:5
4s:n-acetyl
5b:b-dman-HEX-1:5
6b:a-dman-HEX-1:5
7b:b-dglc-HEX-1:5
8s:n-acetyl
9b:b-dgal-HEX-1:5
10b:b-dglc-HEX-1:5
11s:n-acetyl
12b:b-dgal-HEX-1:5
13b:a-dman-HEX-1:5
14b:b-dglc-HEX-1:5
15s:n-acetyl
16b:b-dgal-HEX-1:5
17b:b-dglc-HEX-1:5
18s:n-acetyl
19b:b-dgal-HEX-1:5
LIN
1:1d(2+1)2n
2:1o(4+1)3d
3:3d(2+1)4n
4:3o(4+1)5d
5:5o(3+1)6d
6:6o(2+1)7d
7:7d(2+1)8n
8:7o(4+1)9d
9:6o(4+1)10d
10:10d(2+1)11n
11:10o(4+1)12d
12:5o(6+1)13d
13:13o(2+1)14d
14:14d(2+1)15n
15:14o(4+1)16d
16:13o(6+1)17d
17:17d(2+1)18n
18:17o(4+1)19d
UND
UND1:100.0:100.0
ParentIDs:1|3|5|6|7|9|10|12|13|14|16|17|19
SubtreeLinkageID1:u(-1+2)u
RES
20b:a-dgro-dgal-NON-2:6|1:a|2:keto|3:d
21s:n-acetyl
LIN
19:20d(5+1)21n
UND2:100.0:100.0
ParentIDs:1|3|5|6|7|9|10|12|13|14|16|17|19
SubtreeLinkageID1:u(-1+2)u
RES
22b:a-dgro-dgal-NON-2:6|1:a|2:keto|3:d
23s:n-acetyl
LIN
20:22d(5+1)23n
UND3:100.0:100.0
ParentIDs:1|3|5|6|7|9|10|12|13|14|16|17|19
SubtreeLinkageID1:u(-1+2)u
RES
24b:a-dgro-dgal-NON-2:6|1:a|2:keto|3:d
25s:n-acetyl
LIN
21:24d(5+1)25n
"
H7N6S4,"RES
1b:b-dglc-HEX-1:5
2s:n-acetyl
3b:b-dglc-HEX-1:5
4s:n-acetyl
5b:b-dman-HEX-1:5
6b:a-dman-HEX-1:5
7b:b-dglc-HEX-1:5
8s:n-acetyl
9b:b-dgal-HEX-1:5
10b:a-dgro-dgal-NON-2:6|1:a|2:keto|3:d
11s:n-acetyl
12b:b-dglc-HEX-1:5
13s:n-acetyl
14b:b-dgal-HEX-1:5
15b:a-dgro-dgal-NON-2:6|1:a|2:keto|3:d
16s:n-acetyl
17b:a-dman-HEX-1:5
18b:b-dglc-HEX-1:5
19s:n-acetyl
20b:b-dgal-HEX-1:5
21b:a-dgro-dgal-NON-2:6|1:a|2:keto|3:d
22s:n-acetyl
23b:b-dglc-HEX-1:5
24s:n-acetyl
25b:b-dgal-HEX-1:5
26b:a-dgro-dgal-NON-2:6|1:a|2:keto|3:d
27s:n-acetyl
LIN
1:1d(2+1)2n
2:1o(4+1)3d
3:3d(2+1)4n
4:3o(4+1)5d
5:5o(3+1)6d
6:6o(2+1)7d
7:7d(2+1)8n
8:7o(4+1)9d
9:9o(-1+2)10d
10:10d(5+1)11n
11:6o(4+1)12d
12:12d(2+1)13n
13:12o(4+1)14d
14:14o(-1+2)15d
15:15d(5+1)16n
16:5o(6+1)17d
17:17o(2+1)18d
18:18d(2+1)19n
19:18o(4+1)20d
20:20o(-1+2)21d
21:21d(5+1)22n
22:17o(6+1)23d
23:23d(2+1)24n
24:23o(4+1)25d
25:25o(-1+2)26d
26:26d(5+1)27n
"
H7N6F1S2,"RES
1b:b-dglc-HEX-1:5
2s:n-acetyl
3b:b-dglc-HEX-1:5
4s:n-acetyl
5b:b-dman-HEX-1:5
6b:a-dman-HEX-1:5
7b:b-dglc-HEX-1:5
8s:n-acetyl
9b:b-dgal-HEX-1:5
10b:b-dglc-HEX-1:5
11s:n-acetyl
12b:b-dgal-HEX-1:5
13b:a-dman-HEX-1:5
14b:b-dglc-HEX-1:5
15s:n-acetyl
16b:b-dgal-HEX-1:5
17b:b-dglc-HEX-1:5
18s:n-acetyl
19b:b-dgal-HEX-1:5
20b:a-lgal-HEX-1:5|6:d
LIN
1:1d(2+1)2n
2:1o(4+1)3d
3:3d(2+1)4n
4:3o(4+1)5d
5:5o(3+1)6d
6:6o(2+1)7d
7:7d(2+1)8n
8:7o(4+1)9d
9:6o(4+1)10d
10:10d(2+1)11n
11:10o(4+1)12d
12:5o(6+1)13d
13:13o(2+1)14d
14:14d(2+1)15n
15:14o(4+1)16d
16:13o(6+1)17d
17:17d(2+1)18n
18:17o(4+1)19d
19:1o(6+1)20d
UND
UND1:100.0:100.0
ParentIDs:1|3|5|6|7|9|10|12|13|14|16|17|19|20
SubtreeLinkageID1:u(-1+2)u
RES
21b:a-dgro-dgal-NON-2:6|1:a|2:keto|3:d
22s:n-acetyl
LIN
20:21d(5+1)22n
UND2:100.0:100.0
ParentIDs:1|3|5|6|7|9|10|12|13|14|16|17|19|20
SubtreeLinkageID1:u(-1+2)u
RES
23b:a-dgro-dgal-NON-2:6|1:a|2:keto|3:d
24s:n-acetyl
LIN
21:23d(5+1)24n
"
H7N6F1S3,"RES
1b:b-dglc-HEX-1:5
2s:n-acetyl
3b:b-dglc-HEX-1:5
4s:n-acetyl
5b:b-dman-HEX-1:5
6b:a-dman-HEX-1:5
7b:b-dglc-HEX-1:5
8s:n-acetyl
9b:b-dgal-HEX-1:5
10b:b-dglc-HEX-1:5
11s:n-acetyl
12b:b-dgal-HEX-1:5
13b:a-dman-HEX-1:5
14b:b-dglc-HEX-1:5
15s:n-acetyl
16b:b-dgal-HEX-1:5
17b:b-dglc-HEX-1:5
18s:n-acetyl
19b:b-dgal-HEX-1:5
20b:a-lgal-HEX-1:5|6:d
LIN
1:1d(2+1)2n
2:1o(4+1)3d
3:3d(2+1)4n
4:3o(4+1)5d
5:5o(3+1)6d
6:6o(2+1)7d
7:7d(2+1)8n
8:7o(4+1)9d
9:6o(4+1)10d
10:10d(2+1)11n
11:10o(4+1)12d
12:5o(6+1)13d
13:13o(2+1)14d
14:14d(2+1)15n
15:14o(4+1)16d
16:13o(6+1)17d
17:17d(2+1)18n
18:17o(4+1)19d
19:1o(6+1)20d
UND
UND1:100.0:100.0
ParentIDs:1|3|5|6|7|9|10|12|13|14|16|17|19|20
SubtreeLinkageID1:u(-1+2)u
RES
21b:a-dgro-dgal-NON-2:6|1:a|2:keto|3:d
22s:n-acetyl
LIN
20:21d(5+1)22n
UND2:100.0:100.0
ParentIDs:1|3|5|6|7|9|10|12|13|14|16|17|19|20
SubtreeLinkageID1:u(-1+2)u
RES
23b:a-dgro-dgal-NON-2:6|1:a|2:keto|3:d
24s:n-acetyl
LIN
21:23d(5+1)24n
UND3:100.0:100.0
ParentIDs:1|3|5|6|7|9|10|12|13|14|16|17|19|20
SubtreeLinkageID1:u(-1+2)u
RES
25b:a-dgro-dgal-NON-2:6|1:a|2:keto|3:d
26s:n-acetyl
LIN
22:25d(5+1)26n
"
H7N6F1S4,"RES
1b:b-dglc-HEX-1:5
2s:n-acetyl
3b:b-dglc-HEX-1:5
4s:n-acetyl
5b:b-dman-HEX-1:5
6b:a-dman-HEX-1:5
7b:b-dglc-HEX-1:5
8s:n-acetyl
9b:b-dgal-HEX-1:5
10b:a-dgro-dgal-NON-2:6|1:a|2:keto|3:d
11s:n-acetyl
12b:b-dglc-HEX-1:5
13s:n-acetyl
14b:b-dgal-HEX-1:5
15b:a-dgro-dgal-NON-2:6|1:a|2:keto|3:d
16s:n-acetyl
17b:a-dman-HEX-1:5
18b:b-dglc-HEX-1:5
19s:n-acetyl
20b:b-dgal-HEX-1:5
21b:a-dgro-dgal-NON-2:6|1:a|2:keto|3:d
22s:n-acetyl
23b:b-dglc-HEX-1:5
24s:n-acetyl
25b:b-dgal-HEX-1:5
26b:a-dgro-dgal-NON-2:6|1:a|2:keto|3:d
27s:n-acetyl
28b:a-lgal-HEX-1:5|6:d
LIN
1:1d(2+1)2n
2:1o(4+1)3d
3:3d(2+1)4n
4:3o(4+1)5d
5:5o(3+1)6d
6:6o(2+1)7d
7:7d(2+1)8n
8:7o(4+1)9d
9:9o(-1+2)10d
10:10d(5+1)11n
11:6o(4+1)12d
12:12d(2+1)13n
13:12o(4+1)14d
14:14o(-1+2)15d
15:15d(5+1)16n
16:5o(6+1)17d
17:17o(2+1)18d
18:18d(2+1)19n
19:18o(4+1)20d
20:20o(-1+2)21d
21:21d(5+1)22n
22:17o(6+1)23d
23:23d(2+1)24n
24:23o(4+1)25d
25:25o(-1+2)26d
26:26d(5+1)27n
27:1o(6+1)28d
"
H8N2,"RES
1b:b-dglc-HEX-1:5
2s:n-acetyl
3b:b-dglc-HEX-1:5
4s:n-acetyl
5b:b-dman-HEX-1:5
6b:a-dman-HEX-1:5
7b:a-dman-HEX-1:5
8b:a-dman-HEX-1:5
9b:a-dman-HEX-1:5
10b:a-dman-HEX-1:5
11b:a-dman-HEX-1:5
12b:a-dman-HEX-1:5
LIN
1:1d(2+1)2n
2:1o(4+1)3d
3:3d(2+1)4n
4:3o(4+1)5d
5:5o(3+1)6d
6:6o(2+1)7d
7:7o(2+1)8d
8:5o(6+1)9d
9:9o(3+1)10d
10:9o(6+1)11d
11:11o(2+1)12d
"
H9N2,"RES
1b:b-dglc-HEX-1:5
2s:n-acetyl
3b:b-dglc-HEX-1:5
4s:n-acetyl
5b:b-dman-HEX-1:5
6b:a-dman-HEX-1:5
7b:a-dman-HEX-1:5
8b:a-dman-HEX-1:5
9b:a-dman-HEX-1:5
10b:a-dman-HEX-1:5
11b:a-dman-HEX-1:5
12b:a-dman-HEX-1:5
13b:a-dman-HEX-1:5
LIN
1:1d(2+1)2n
2:1o(4+1)3d
3:3d(2+1)4n
4:3o(4+1)5d
5:5o(3+1)6d
6:6o(2+1)7d
7:7o(2+1)8d
8:5o(6+1)9d
9:9o(3+1)10d
10:10o(2+1)11d
11:9o(6+1)12d
12:12o(2+1)13d
"